experiment_id,timestamp,experiment_name,metric_name,metric_value,status,params,git_commit,time_seconds,notes
9,2026-10-03T06:48:29.738659,continue_optimization,val_acc,0.5154,worse,"{""enrich_method"": ""noise"", ""seed_ratio"": 0.2808806289751896, ""enrich_ratio"": 1.1475421480671688, ""noise_std"": 0.23632531983486765, ""learning_rate"": 0.0044459388843281576, ""batch_size"": 32, ""hidden_dim"": 63, ""dropout"": 0.33279719947557024, ""weight_decay"": 0.008383564209152048, ""optimizer"": ""adam""}",,3.9668123722076416,
10,2026-10-03T06:48:34.402402,hyperparameter_search,val_acc,0.573098,improved,"{""enrich_method"": ""hybrid"", ""seed_ratio"": 0.25, ""enrich_ratio"": 1.0, ""noise_std"": 0.2, ""learning_rate"": 0.005, ""batch_size"": 32, ""hidden_dim"": 32, ""dropout"": 0.0, ""weight_decay"": 0.001, ""optimizer"": ""adamw""}",9af0a979fa207f4cca255061ba5e65378c0d030f,4.162836313247681,
11,2026-10-03T06:48:38.978330,architecture_exploration,val_acc,0.453408,worse,"{""enrich_method"": ""none"", ""seed_ratio"": 0.15, ""enrich_ratio"": 0.5, ""noise_std"": 0.2, ""learning_rate"": 0.005, ""batch_size"": 32, ""hidden_dim"": 64, ""dropout"": 0.1, ""weight_decay"": 0.01, ""optimizer"": ""adamw""}",,4.062500476837158,
12,2026-10-03T06:48:43.774385,regularization_experiment,val_acc,0.498016,worse,"{""enrich_method"": ""hybrid"", ""seed_ratio"": 0.25, ""enrich_ratio"": 1.0, ""noise_std"": 0.2, ""learning_rate"": 0.005, ""batch_size"": 32, ""hidden_dim"": 32, ""dropout"": 0.29, ""weight_decay"": 0.0029, ""optimizer"": ""adamw""}",,4.295206308364868,
13,2026-10-03T06:48:48.913769,hyperparameter_search,val_acc,0.541298,worse,"{""enrich_method"": ""hybrid"", ""seed_ratio"": 0.15, ""enrich_ratio"": 2.0, ""noise_std"": 0.2, ""learning_rate"": 0.005, ""batch_size"": 32, ""hidden_dim"": 32, ""dropout"": 0.0, ""weight_decay"": 0.001, ""optimizer"": ""sgd""}",,4.638457298278809,
14,2026-10-03T06:48:53.636217,continue_optimization,val_acc,0.45221,worse,"{""enrich_method"": ""hybrid"", ""seed_ratio"": 0.2851500988990404, ""enrich_ratio"": 1.0183341484799624, ""noise_std"": 0.2307708395138593, ""learning_rate"": 0.004038914380292067, ""batch_size"": 33, ""hidden_dim"": 33, ""dropout"": 0.0, ""weight_decay"": 0.0010834289494118647, ""optimizer"": ""adamw""}",,4.221224546432495,
15,2026-10-03T06:48:58.681991,hyperparameter_search,val_acc,0.595165,improved,"{""enrich_method"": ""none"", ""seed_ratio"": 0.15, ""enrich_ratio"": 1.0, ""noise_std"": 0.05, ""learning_rate"": 0.001, ""batch_size"": 64, ""hidden_dim"": 128, ""dropout"": 0.0, ""weight_decay"": 0.001, ""optimizer"": ""adamw""}",35611424770dce88896c2eeaccabe92e0559756f,4.5448081493377686,
16,2026-10-03T06:49:03.565709,architecture_exploration,val_acc,0.522055,worse,"{""enrich_method"": ""noise"", ""seed_ratio"": 0.25, ""enrich_ratio"": 0.5, ""noise_std"": 0.2, ""learning_rate"": 0.01, ""batch_size"": 64, ""hidden_dim"": 32, ""dropout"": 0.0, ""weight_decay"": 0.01, ""optimizer"": ""adamw""}",,4.372278451919556,
17,2026-10-03T06:49:08.224460,regularization_experiment,val_acc,0.50775,worse,"{""enrich_method"": ""none"", ""seed_ratio"": 0.15, ""enrich_ratio"": 1.0, ""noise_std"": 0.05, ""learning_rate"": 0.001, ""batch_size"": 64, ""hidden_dim"": 128, ""dropout"": 0.24, ""weight_decay"": 0.0014, ""optimizer"": ""adamw""}",,4.157971382141113,
18,2026-10-03T06:49:14.687772,hyperparameter_search,val_acc,0.47405,worse,"{""enrich_method"": ""none"", ""seed_ratio"": 0.5, ""enrich_ratio"": 2.0, ""noise_std"": 0.2, ""learning_rate"": 0.01, ""batch_size"": 32, ""hidden_dim"": 128, ""dropout"": 0.0, ""weight_decay"": 0.001, ""optimizer"": ""adamw""}",,5.962371587753296,
11,2026-10-03T06:50:17.906298,continue_optimization,val_acc,0.5857,worse,"{""enrich_method"": ""none"", ""seed_ratio"": 0.1281819687650934, ""enrich_ratio"": 0.9436587676088449, ""noise_std"": 0.058539587235870785, ""learning_rate"": 0.000907259127645222, ""batch_size"": 65, ""hidden_dim"": 127, ""dropout"": 0.0, ""weight_decay"": 0.0010021326958501789, ""optimizer"": ""adamw""}",,4.125996828079224,
12,2026-10-03T06:50:22.469571,hyperparameter_search,val_acc,0.560733,worse,"{""enrich_method"": ""oversample"", ""seed_ratio"": 0.25, ""enrich_ratio"": 2.0, ""noise_std"": 0.1, ""learning_rate"": 0.01, ""batch_size"": 16, ""hidden_dim"": 32, ""dropout"": 0.3, ""weight_decay"": 0.0, ""optimizer"": ""adam""}",,4.062397241592407,
13,2026-10-03T06:50:27.505405,continue_optimization,val_acc,0.503891,worse,"{""enrich_method"": ""none"", ""seed_ratio"": 0.13197658966527656, ""enrich_ratio"": 0.8724012742332465, ""noise_std"": 0.055011927881718214, ""learning_rate"": 0.0011137637827086007, ""batch_size"": 65, ""hidden_dim"": 127, ""dropout"": 0.0, ""weight_decay"": 0.0011667579976257047, ""optimizer"": ""adamw""}",,4.535105228424072,
14,2026-10-03T06:50:32.158263,hyperparameter_search,val_acc,0.45526,worse,"{""enrich_method"": ""none"", ""seed_ratio"": 0.15, ""enrich_ratio"": 0.5, ""noise_std"": 0.1, ""learning_rate"": 0.01, ""batch_size"": 16, ""hidden_dim"": 64, ""dropout"": 0.1, ""weight_decay"": 0.01, ""optimizer"": ""adam""}",,4.1519365310668945,
15,2026-10-03T06:50:36.756013,continue_optimization,val_acc,0.567587,worse,"{""enrich_method"": ""none"", ""seed_ratio"": 0.17648208282700117, ""enrich_ratio"": 0.9844150706352508, ""noise_std"": 0.04788822937082382, ""learning_rate"": 0.0009396349228587965, ""batch_size"": 65, ""hidden_dim"": 127, ""dropout"": 0.0, ""weight_decay"": 0.001124974948648942, ""optimizer"": ""adamw""}",,4.096686601638794,
16,2026-10-03T06:50:42.002448,hyperparameter_search,val_acc,0.455926,worse,"{""enrich_method"": ""oversample"", ""seed_ratio"": 0.35, ""enrich_ratio"": 0.5, ""noise_std"": 0.1, ""learning_rate"": 0.001, ""batch_size"": 32, ""hidden_dim"": 64, ""dropout"": 0.1, ""weight_decay"": 0.001, ""optimizer"": ""adam""}",,4.7455902099609375,
17,2026-10-03T06:50:46.728745,continue_optimization,val_acc,0.564356,worse,"{""enrich_method"": ""none"", ""seed_ratio"": 0.14482619571297903, ""enrich_ratio"": 1.05393915341898, ""noise_std"": 0.05890419494473165, ""learning_rate"": 0.0008613318473860555, ""batch_size"": 63, ""hidden_dim"": 127, ""dropout"": 0.0, ""weight_decay"": 0.000856407815207766, ""optimizer"": ""adamw""}",,4.225072860717773,
18,2026-10-03T06:50:51.619255,hyperparameter_search,val_acc,0.598684,improved,"{""enrich_method"": ""oversample"", ""seed_ratio"": 0.35, ""enrich_ratio"": 0.5, ""noise_std"": 0.05, ""learning_rate"": 0.005, ""batch_size"": 16, ""hidden_dim"": 128, ""dropout"": 0.1, ""weight_decay"": 0.0, ""optimizer"": ""adamw""}",9a17a8dfd8481ff3f99c4d9c3dcbdecad10e77b8,4.389662504196167,
19,2026-10-03T06:50:56.595321,architecture_exploration,val_acc,0.487347,worse,"{""enrich_method"": ""none"", ""seed_ratio"": 0.15, ""enrich_ratio"": 1.0, ""noise_std"": 0.1, ""learning_rate"": 0.01, ""batch_size"": 64, ""hidden_dim"": 128, ""dropout"": 0.0, ""weight_decay"": 0.001, ""optimizer"": ""adamw""}",,4.464025974273682,
20,2026-10-03T06:51:01.194212,regularization_experiment,val_acc,0.62372,improved,"{""enrich_method"": ""oversample"", ""seed_ratio"": 0.35, ""enrich_ratio"": 0.5, ""noise_std"": 0.05, ""learning_rate"": 0.005, ""batch_size"": 16, ""hidden_dim"": 128, ""dropout"": 0.32, ""weight_decay"": 0.0029, ""optimizer"": ""adamw""}",a77a0d186daefc16a7d512ee05d6ec8b6920d974,4.0980987548828125,
21,2026-10-03T06:51:05.914332,hyperparameter_search,val_acc,0.562112,worse,"{""enrich_method"": ""none"", ""seed_ratio"": 0.25, ""enrich_ratio"": 2.0, ""noise_std"": 0.1, ""learning_rate"": 0.01, ""batch_size"": 16, ""hidden_dim"": 128, ""dropout"": 0.0, ""weight_decay"": 0.001, ""optimizer"": ""adam""}",,4.20831823348999,
22,2026-10-03T06:51:10.574028,continue_optimization,val_acc,0.520245,worse,"{""enrich_method"": ""oversample"", ""seed_ratio"": 0.33422959864475976, ""enrich_ratio"": 0.5549606425254361, ""noise_std"": 0.043760305260115546, ""learning_rate"": 0.005815662624724901, ""batch_size"": 15, ""hidden_dim"": 127, ""dropout"": 0.35837958728322605, ""weight_decay"": 0.0027344293425857974, ""optimizer"": ""adamw""}",,4.158355474472046,
23,2026-10-03T06:51:15.448749,hyperparameter_search,val_acc,0.596962,worse,"{""enrich_method"": ""hybrid"", ""seed_ratio"": 0.35, ""enrich_ratio"": 1.0, ""noise_std"": 0.2, ""learning_rate"": 0.01, ""batch_size"": 16, ""hidden_dim"": 64, ""dropout"": 0.3, ""weight_decay"": 0.01, ""optimizer"": ""adamw""}",,4.373777627944946,
24,2026-10-03T06:51:20.289088,continue_optimization,val_acc,0.611823,worse,"{""enrich_method"": ""oversample"", ""seed_ratio"": 0.3691482915455804, ""enrich_ratio"": 0.5265491178452053, ""noise_std"": 0.048518038646206546, ""learning_rate"": 0.005717509714554654, ""batch_size"": 15, ""hidden_dim"": 127, ""dropout"": 0.26234243894863113, ""weight_decay"": 0.003087915237190363, ""optimizer"": ""adamw""}",,4.339046478271484,
25,2026-10-03T06:51:25.492606,hyperparameter_search,val_acc,0.470617,worse,"{""enrich_method"": ""none"", ""seed_ratio"": 0.5, ""enrich_ratio"": 2.0, ""noise_std"": 0.1, ""learning_rate"": 0.005, ""batch_size"": 32, ""hidden_dim"": 128, ""dropout"": 0.1, ""weight_decay"": 0.01, ""optimizer"": ""sgd""}",,4.702670574188232,
26,2026-10-03T06:51:30.231727,continue_optimization,val_acc,0.473683,worse,"{""enrich_method"": ""oversample"", ""seed_ratio"": 0.41858202502172104, ""enrich_ratio"": 0.5270656627560785, ""noise_std"": 0.052184667809323994, ""learning_rate"": 0.004354942661987691, ""batch_size"": 17, ""hidden_dim"": 127, ""dropout"": 0.3116574412383643, ""weight_decay"": 0.0025994672620339655, ""optimizer"": ""adamw""}",,4.23781681060791,
27,2026-10-03T06:51:35.076145,hyperparameter_search,val_acc,0.572321,worse,"{""enrich_method"": ""hybrid"", ""seed_ratio"": 0.15, ""enrich_ratio"": 0.5, ""noise_std"": 0.2, ""learning_rate"": 0.001, ""batch_size"": 32, ""hidden_dim"": 128, ""dropout"": 0.1, ""weight_decay"": 0.0, ""optimizer"": ""sgd""}",,4.343541145324707,
28,2026-10-03T06:51:40.284085,continue_optimization,val_acc,0.608802,worse,"{""enrich_method"": ""oversample"", ""seed_ratio"": 0.3987592957838653, ""enrich_ratio"": 0.5028155330163478, ""noise_std"": 0.04527781453529544, ""learning_rate"": 0.004978337649051392, ""batch_size"": 16, ""hidden_dim"": 129, ""dropout"": 0.25734368176977973, ""weight_decay"": 0.002767928164342788, ""optimizer"": ""adamw""}",,4.706823110580444,
29,2026-10-03T06:51:45.036326,hyperparameter_search,val_acc,0.537161,worse,"{""enrich_method"": ""none"", ""seed_ratio"": 0.25, ""enrich_ratio"": 1.0, ""noise_std"": 0.05, ""learning_rate"": 0.005, ""batch_size"": 64, ""hidden_dim"": 128, ""dropout"": 0.1, ""weight_decay"": 0.0, ""optimizer"": ""sgd""}",,4.251431941986084,
30,2026-10-03T06:51:49.949439,continue_optimization,val_acc,0.525501,worse,"{""enrich_method"": ""oversample"", ""seed_ratio"": 0.2878168650429317, ""enrich_ratio"": 0.4225994147575509, ""noise_std"": 0.04315711480973748, ""learning_rate"": 0.0043795881981225585, ""batch_size"": 17, ""hidden_dim"": 129, ""dropout"": 0.3495705868956892, ""weight_decay"": 0.0033648043800796838, ""optimizer"": ""adamw""}",,4.411542892456055,
